id,ko_raw,en,ko_forms,flags
r0004,가능도[우도]비 검정[검증],likelihood ratio test,가능도비 검정 | 가능도비 검증 | 우도비 검정 | 우도비 검증,
r0014,가변추출[표집]비,variable sampling rate,가변추출비 | 가변표집비,
r0018,가브리엘의 검정[검증],Gabriel's test,가브리엘의 검정 | 가브리엘의 검증,
r0026,가설검정[검증],hypothesis testing,가설검정 | 가설검증,
r0027,가설검정[검증],test of hypothesis,가설검정 | 가설검증,
r0074,가트의 검정[검증],Gart's test,가트의 검정 | 가트의 검증,
r0142,검사-재검사 신뢰성[신뢰도],test-retest reliability,검사-재검사 신뢰성 | 검사-재검사 신뢰도,
r0144,검정[검증](의) 결합,combination of tests,검정의 결합 | 검정 결합 | 검증의 결합 | 검증 결합,
r0145,검정[검증]력,power,검정력 | 검증력,
r0146,검정[검증]력,power of test,검정력 | 검증력,
r0147,검정[검증]력 곡선,power curve,검정력 곡선 | 검증력 곡선,
r0148,검정[검증]력 함수,power function,검정력 함수 | 검증력 함수,
r0149,검정[검증]의 크기,size of a test,검정의 크기 | 검증의 크기,
r0150,검정[검증]의 크기,test size,검정의 크기 | 검증의 크기,
r0151,검정[검증]통계량,test statistic,검정통계량 | 검증통계량,
r0154,겉보기 무관[보기에 무관한] 회귀,seemingly unrelated regression,겉보기 무관 회귀 | 보기에 무관한 회귀,forms_overridden
r0159,격자무늬방격[정방],plaid square,격자무늬방격 | 격자무늬정방,
r0183,결합도수[빈도],joint frequency,결합도수 | 결합빈도,
r0217,경시적[다시점] 자료,longitudinal data,경시적 자료 | 다시점 자료,
r0218,경시적[다시점] 조사,longitudinal survey,경시적 조사 | 다시점 조사,
r0219,경시적[다시점] 효과,longitudinal effect,경시적 효과 | 다시점 효과,
r0247,계급도수[빈도],class frequency,계급도수 | 계급빈도,
r0253,계단[단계] 스트레스 시험,step stress testing,계단 스트레스 시험 | 단계 스트레스 시험,
r0268,계속적 검정[검증],consecutive test,계속적 검정 | 계속적 검증,
r0355,공간표집[표본추출],spatial sampling,공간표집 | 공간표본추출,forms_overridden
r0452,"교환가능변수, 호환[가능]변수",exchangeable variable,교환가능변수 | 호환변수 | 호환가능변수,forms_overridden
r0453,"교환가능사건, 호환[가능]사건",exchangeable event,교환가능사건 | 호환사건 | 호환가능사건,forms_overridden
r0480,구형성검정[검증],sphericity test,구형성검정 | 구형성검증,
r0486,국소(적)최강력 검정[검증],locally most powerful test,국소적최강력 검정 | 국소적최강력 검증 | 국소최강력 검정 | 국소최강력 검증,
r0522,귀납적 행동[행위],inductive behaviour,귀납적 행동 | 귀납적 행위,
r0531,균등표집[표본추출]비,uniform sampling fraction,균등표집비 | 균등표본추출비,forms_overridden
r0537,균일최강력검정[검증],uniformly most powerful test,균일최강력검정 | 균일최강력검증,
r0560,그레코-라틴 방격[정방],Graeco-Latin square,그레코-라틴 방격 | 그레코-라틴 정방,
r0600,글레져의 회귀검정[검증],Glejser's regression test,글레져의 회귀검정 | 글레져의 회귀검증,
r0614,기각표본추출[기각표집],rejection sampling,기각표본추출 | 기각표집,
r0619,기대도수[빈도],expected frequency,기대도수 | 기대빈도,
r0623,기록값검정[검증],records test,기록값검정 | 기록값검증,
r0690,나무대립[대안]가설,tree alternative hypothesis,나무대립가설 | 나무대안가설,
r0713,내적[내부적] 스튜던트화 잔차,internally Studentized residual,내적 스튜던트화 잔차 | 내부적 스튜던트화 잔차,
r0740,누적도수[빈도],cumulative frequency,누적도수 | 누적빈도,
r0741,누적도수[빈도]곡선,ogive,누적도수곡선 | 누적빈도곡선,
r0742,누적도수[빈도]분포,cumulative frequency distribution,누적도수분포 | 누적빈도분포,
r0745,누적상대도수[빈도],cumulative relative frequency,누적상대도수 | 누적상대빈도,
r0755,뉴만-쿨스 검정[검증],Newman-Keuls test,뉴만-쿨스 검정 | 뉴만-쿨스 검증,
r0763,니퀴스트 도수[빈도],Nyquist frequency,니퀴스트 도수 | 니퀴스트 빈도,
r0770,다면체[다면형] 그림,polyhedrons plot,다면체 그림 | 다면형 그림,
r0809,다중범위검정[검증],multiple range test,다중범위검정 | 다중범위검증,
r0829,다항[수준]회귀모형,polychotomous regression model,다항회귀모형 | 수준회귀모형,
r0860,"단순임의[단순랜덤,단순확률]표본",simple random sample,단순임의표본 | 단순랜덤표본 | 단순확률표본,
r0861,"단순임의[단순랜덤,단순확률]표집",simple random sampling,단순임의표집 | 단순랜덤표집 | 단순확률표집,
r0862,"단순임의화[랜덤화,확률화]",simple randomization,단순임의화 | 단순랜덤화 | 단순확률화,
r0901,단측검정[검증],one-sided test,단측검정 | 단측검증,
r0902,단측대립[대안]가설,one-sided alternative hypothesis,단측대립가설 | 단측대안가설,
r0903,단측대립가설[대안가설],one sided alternative,단측대립가설 | 단측대안가설,
r0912,닫힌[폐] 순차적 검정[검증],closed sequential test,닫힌 순차적 검정 | 닫힌 순차적 검증 | 폐 순차적 검정 | 폐 순차적 검증,
r0949,대칭검정[검증],symmetrical test,대칭검정 | 대칭검증,
r0976,던칸의 다중범위검정[검증],Duncan's multiple range test,던칸의 다중범위검정 | 던칸의 다중범위검증,
r0985,델파이[델피] 기법,Delphi technique,델파이 기법 | 델피 기법,
r0990,도수[빈도],frequency,도수 | 빈도,
r0991,도수[빈도]곡선,frequency curve,도수곡선 | 빈도곡선,
r0992,도수[빈도]다각형,frequency polygon,도수다각형 | 빈도다각형,
r0993,도수[빈도]분포,frequency distribution,도수분포 | 빈도분포,
r0994,도수[빈도]함수,frequency function,도수함수 | 빈도함수,
r1005,독립성검정[검증],test of independence,독립성검정 | 독립성검증,
r1040,동질성검정[검증],test of homogeneity,동질성검정 | 동질성검증,
r1046,되풀이[순환]방법,recursive method,되풀이방법 | 순환방법,
r1057,등간격 검정[검증],equal spacing test,등간격 검정 | 등간격 검증,
r1095,디폴트 베이즈 인수[인자],default Bayes factor,디폴트 베이즈 인수 | 디폴트 베이즈 인자,
r1114,라오의 점수화검정[검증],Rao's scoring test,라오의 점수화검정 | 라오의 점수화검증,
r1116,"라틴 방격[정방,정사각형]",Latin square,라틴 방격 | 라틴 정방 | 라틴 정사각형,
r1117,라틴 방격[정방]설계,Latin square design,라틴 방격설계 | 라틴 정방설계,
r1125,랄리 검정[검증],Rayleigh test,랄리 검정 | 랄리 검증,
r1130,"런 검정[검증], 연검정[검증]",run test,런 검정 | 런 검증 | 연검정 | 연검증,forms_overridden
r1134,레만 대립가설[대안],Lehmann alternative,레만 대립가설 | 레만 대안,
r1135,레만의 검정[검증],Lehmann's test,레만의 검정 | 레만의 검증,
r1145,로그 순위검정[검증],log-rank test,로그 순위검정 | 로그 순위검증,
r1208,만-위트니 U 검정[검증],Mann-Whitney U-test,만-위트니 U 검정 | 만-위트니 U 검증,
r1305,무드-브라운 중위수검정[검증],Mood-Brown median test,무드-브라운 중위수검정 | 무드-브라운 중위수검증,
r1348,미끄러짐 검정[검증],slippage test,미끄러짐 검정 | 미끄러짐 검증,
r1350,미니맥스 검정[검증],minimax test,미니맥스 검정 | 미니맥스 검증,
r1396,베란의 검정[검증],Beran's test,베란의 검정 | 베란의 검증,
r1397,베렌스-피셔 검정[검증],Behrens-Fisher test,베렌스-피셔 검정 | 베렌스-피셔 검증,
r1494,보수적 검정[검증],conservative test,보수적 검정 | 보수적 검증,
r1517,복합도수[빈도]분포,compound frequency distribution,복합도수분포 | 복합빈도분포,
r1543,부분 베이즈 인수[인자],fractional Bayes factor,부분 베이즈 인수 | 부분 베이즈 인자,
r1551,부분균형격자방격[정방],partially balanced lattice square,부분균형격자방격 | 부분균형격자정방,
r1567,부분적 축화[추축화],partial pivoting,부분적 축화 | 부분적 추축화,
r1594,부호검정[검증],sign test,부호검정 | 부호검증,
r1595,부호순위검정[검증],signed rank test,부호순위검정 | 부호순위검증,
r1623,분산팽창[확대]인수[인자],variance inflation factor,분산팽창인수 | 분산팽창인자 | 분산확대인수 | 분산확대인자,
r1682,불완비 라틴 방격[정방],incomplete Latin square,불완비 라틴 방격 | 불완비 라틴 정방,
r1708,브렁크의 검정[검증],Brunk's test,브렁크의 검정 | 브렁크의 검증,
r1741,비대칭검정[검증],asymmetrical test,비대칭검정 | 비대칭검증,
r1747,비례도수[빈도],proportional frequency,비례도수 | 비례빈도,
r1760,비모수적[비파라미터적] 검정[검증],nonparametric test,비모수적 검정 | 비모수적 검증 | 비파라미터적 검정 | 비파라미터적 검증,
r1775,비선형제약[조건],nonlinear constraint,비선형제약 | 비선형조건,
r1796,비임의화검정[검증],nonrandomized test,비임의화검정 | 비임의화검증,
r1832,비편향검정[검증],unbiased test,비편향검정 | 비편향검증,
r1837,비편향최강력검정[검증],unbiased most powerful test,비편향최강력검정 | 비편향최강력검증,
r1841,비표집[비표본추출] 편향,nonsampling bias,비표집 편향 | 비표본추출 편향,
r1846,빈칸검정[검증],empty cell test,빈칸검정 | 빈칸검증,
r1873,반복 로그[대수],iterated logarithm,반복 로그 | 반복 대수,
r1887,반복유의성검정[검증],repeated significance test,반복유의성검정 | 반복유의성검증,
r1915,반전검정[검증],reversal test,반전검정 | 반전검증,
r1932,배리맥스[분산최대] 회전,varimax rotation,배리맥스 회전 | 분산최대 회전,
r2005,속성[성질],property,속성 | 성질,
r2015,수량화 플롯[그림],quantification plot,수량화 플롯 | 수량화 그림,
r2042,수정 라틴 방격[정방],modified Latin square,수정 라틴 방격 | 수정 라틴 정방,
r2070,수카트미의 검정[검증],Sukhatme's test,수카트미의 검정 | 수카트미의 검증,
r2084,순서대립[대안]가설,ordered alternative hypothesis,순서대립가설 | 순서대안가설,
r2107,순열검정[검증],permutation test,순열검정 | 순열검증,
r2117,순위합검정[검증],rank-sum test,순위합검정 | 순위합검증,
r2125,순차(적)검정[검증],sequential test,순차적검정 | 순차적검증 | 순차검정 | 순차검증,
r2137,순차확률비검정[검증],sequential probability ratio test,순차확률비검정 | 순차확률비검증,
r2154,쉐페의 검정[검증],Scheffe's test,쉐페의 검정 | 쉐페의 검증,
r2162,스타인의 이[2]표본절차,Stein's two sample procedure,스타인의 이표본절차 | 스타인의 2표본절차,
r2320,쌔비지 검정[검증],Savage test,쌔비지 검정 | 쌔비지 검증,
r2397,산포[퍼짐] 안정화 변환,dispersion stabilizing transformation,산포 안정화 변환 | 퍼짐 안정화 변환,
r2398,"산포검정[검증], 퍼짐성검정[검증]",dispersion test,산포검정 | 산포검증 | 퍼짐성검정 | 퍼짐성검증,
r2405,삼[3]변량,trivariate,삼변량 | 3변량,
r2444,상대도수[빈도],relative frequency,상대도수 | 상대빈도,
r2544,선행성검정[검증],precedence test,선행성검정 | 선행성검증,
r2582,유덴 방격[정방],Youden square,유덴 방격 | 유덴 정방,
r2594,"유사검정[검증], 닮은 검정[검증]",similar test,유사검정 | 유사검증 | 닮은 검정 | 닮은 검증,
r2606,유의성검정[검증],significance test,유의성검정 | 유의성검증,
r2666,이[2]변량,bivariate,이변량 | 2변량,
r2710,이산멱[거듭곱]급수분포,discrete power series distribution,이산멱급수분포 | 이산거듭곱급수분포,forms_overridden
r2728,이상표집[표본추출],two-phase sampling,이상표집 | 이상표본추출,forms_overridden
r2796,이표본검증[검정],two sample test,이표본검증 | 이표본검정,
r2803,이항검정[검증],binomial test,이항검정 | 이항검증,
r2891,일치검정[검증],consistent test,일치검정 | 일치검증,
r2909,임의[확률]계수,random coeffecient,임의계수 | 확률계수,
r2941,"임의화[랜덤화,확률화] 블록 설계",randomized block design,임의화 블록 설계 | 랜덤화 블록 설계 | 확률화 블록 설계,
r2942,임의화[확률화]결정함수,randomized decision function,임의화결정함수 | 확률화결정함수,
r2943,"임의화검정[검증], 확률화검정[검증]",randomization test,임의화검정 | 임의화검증 | 확률화검정 | 확률화검증,
r2948,임의효과[확률효과]모형,random effect model,임의효과모형 | 확률효과모형,
r2967,안정성검정[검증],stability test,안정성검정 | 안정성검증,
r3003,양쪽꼬리검정[검증],two-tailed test,양쪽꼬리검정 | 양쪽꼬리검증,
r3005,양측검정[검증],two-sided test,양측검정 | 양측검증,
r3054,역정규점수검정[검증],inverse normal scores test,역정규점수검정 | 역정규점수검증,
r3098,연속특이점[이상점],patchy outliers,연속특이점 | 연속이상점,
r3119,열린[개] 순차적 표집설계,open sequential sampling scheme,열린 순차적 표집설계 | 개 순차적 표집설계,
r3145,예비검정[검증],preliminary test,예비검정 | 예비검증,
r3222,왈드 검정[검증],Wald test,왈드 검정 | 왈드 검증,
r3234,외적[외부적] 스튜던트화 잔차,externally Studentized residual,외적 스튜던트화 잔차 | 외부적 스튜던트화 잔차,
r3249,우산형대립가설[대안],umbrella alternative,우산형대립가설 | 우산형대립대안,
r3305,위치검정[검증],location test,위치검정 | 위치검증,
r3309,위치이동 대립[대안]가설,location shift alternative hypothesis,위치이동 대립가설 | 위치이동 대안가설,
r3323,윌콕슨 부호순위검정[검증],Wilcoxon signed rank test,윌콕슨 부호순위검정 | 윌콕슨 부호순위검증,
r3324,윌콕슨 순위합검정[검증],Wilcoxon rank sum test,윌콕슨 순위합검정 | 윌콕슨 순위합검증,
r3362,조건부검정[검증],conditional test,조건부검정 | 조건부검증,
r3398,조합검정[검증],combinatorial test,조합검정 | 조합검증,
r3418,좋은 지렛대점[지레점],good leverage point,좋은 지렛대점 | 좋은 지레점,
r3429,죤키어의 k 표본 검정[검증],Jonckheere's k-sample test,죤키어의 k 표본 검정 | 죤키어의 k 표본 검증,
r3474,준 라틴 방격[정방],quasi-Latin square,준 라틴 방격 | 준 라틴 정방,
r3507,줄기-잎 전시[그림],stem-and-leaf display,줄기-잎 전시 | 줄기-잎 그림,
r3544,"중위[중간,메디안]절대편차",median absolute deviation,중위절대편차 | 중간절대편차 | 메디안절대편차,
r3547,중위수검정[검증],median test,중위수검정 | 중위수검증,
r3638,직렬 네트워크[망],tandem network,직렬 네트워크 | 직렬 네트워망,
r3666,진화적 조업[공정],evolutionary operation,진화적 조업 | 진화적 공정,
r3683,짝(의)[쌍체] t 검정[검증],paired t-test,짝의 t 검정 | 짝의 t 검증 | 쌍체 t 검정 | 쌍체 t 검증 | 짝 t 검정 | 짝 t 검증,
r3689,"짝으로[짝별로,쌍별로] 독립",pairwise independent,짝으로 독립 | 짝별로 독립 | 쌍별로 독립,
r3709,자기켤레[공액] 라틴 방격[정방],self-conjugate Latin square,자기켤레 라틴 방격 | 자기켤레 라틴 정방 | 자기공액 라틴 방격 | 자기공액 라틴 정방,
r3807,적합도검정[검증],goodness-of-fit test,적합도검정 | 적합도검증,
r3808,적합도검정[검증],test of goodness-of-fit,적합도검정 | 적합도검증,
r3858,절반격자무늬방격[정방],half-plaid square,절반격자무늬방격 | 절반격자무늬정방,
r3938,정규성검정[검증],test of normality,정규성검정 | 정규성검증,
r3953,정방[방격]구역,quadrat,정방구역 | 방격구역,
r3991,정적[정태적] 부하,static loading,정적 부하 | 정태적 부하,
r4021,정확검정[검증],exact test,정확검정 | 정확검증,
r4059,척도(화)이탈도[편차],scaled deviance,척도화이탈도 | 척도화이편차 | 척도이탈도 | 척도이편차,
r4064,척도인수[인자],scale factor,척도인수 | 척도인자,
r4077,초 그레코-라틴 방격[정방]설계,hyper Graeco-Latin square design,초 그레코-라틴 방격설계 | 초 그레코-라틴 정방설계,
r4078,"초[우,優] 마팅게일, 수퍼 마팅게일",supermartingale,초 마팅게일 | 우 마팅게일 | 優 마팅게일 | 수퍼 마팅게일,
r4079,초과수명검정[검증],exceedance life test,초과수명검정 | 초과수명검증,
r4110,최강력검정[검증],most powerful test,최강력검정 | 최강력검증,
r4129,최량검정[검증],best test,최량검정 | 최량검증,
r4134,최량비편향임계[기각]역,best unbiased critical region,최량비편향임계역 | 최량비편향기각역,
r4165,최소유의차검정[검증],least significant difference test,최소유의차검정 | 최소유의차검증,
r4187,최적검정[검증],optimum test,최적검정 | 최적검증,
r4203,최적중지[정지]문제,optimal stopping problem,최적중지문제 | 최적정지문제,
r4256,출현도수[빈도],frequency of occurrence,출현도수 | 출현빈도,
r4288,카이제곱검정[검증],chi-square test,카이제곱검정 | 카이제곱검증,
r4295,칸도수[빈도],cell frequency,칸도수 | 칸빈도,forms_overridden
r4318,코크란-아미티지 검정[검증],Cochran-Armitage test,코크란-아미티지 검정 | 코크란-아미티지 검증,
r4319,코크란의 검정[검증],Cochran's test,코크란의 검정 | 코크란의 검증,
r4330,콜모고로프-스미르노프 검정[검증],Kolmogorov-Smirnov test,콜모고로프-스미르노프 검정 | 콜모고로프-스미르노프 검증,
r4345,크누이의 검정[검증],Quenouille's test,크누이의 검정 | 크누이의 검증,
r4348,크래머-폰미제스 검정[검증],Cramer-von Mises test,크래머-폰미제스 검정 | 크래머-폰미제스 검증,
r4369,통계적 가설검정[검증],test of statistical hypothesis,통계적 가설검정 | 통계적 가설검증,
r4410,특수[특별]원인,special cause,특수원인 | 특별원인,
r4436,탐색적 자료[데이터]분석,exploratory data analysis,탐색적 자료분석 | 탐색적 데이터분석,
r4440,테리-호에프딩 검정[검증],Terry-Hoeffding test,테리-호에프딩 검정 | 테리-호에프딩 검증,
r4486,편[부분] F 검정[검증],partial F-test,편 F 검정 | 편 F 검증 | 부분 F 검정 | 부분 F 검증,
r4502,편향검정[검증],biased test,편향검정 | 편향검증,
r4619,포함관계검정[검증],includence test,포함관계검정 | 포함관계검증,
r4633,폴랴형 도수[빈도],Polya-type frequency,폴랴형 도수 | 폴랴형 빈도,
r4664,표준 라틴 방격[정방],standard Latin square,표준 라틴 방격 | 표준 라틴 정방,
r4727,프리드만의 검정[검증],Friedman's test,프리드만의 검정 | 프리드만의 검증,
r4732,피셔의 정확검정[검증],Fisher's exact test,피셔의 정확검정 | 피셔의 정확검증,
r4740,피트만 대립가설[대안],Pitman alternative,피트만 대립가설 | 피트만 대안,
r4759,하트리의 검정[검증],Hartley's test,하트리의 검정 | 하트리의 검증,
r4769,한쪽꼬리검정[검증],one-tailed test,한쪽꼬리검정 | 한쪽꼬리검증,
r4796,핫지스 이변량 부호검정[검증],Hodges bivariate sign test,핫지스 이변량 부호검정 | 핫지스 이변량 부호검증,
r4798,핫지스-에이네의 검정[검증],Hodges-Ajne's test,핫지스-에이네의 검정 | 핫지스-에이네의 검증,
r4879,홀랜더의 평행성검정[검증],Hollander's parallelism test,홀랜더의 평행성검정 | 홀랜더의 평행성검증,
r4880,홀랜더-프로샨 검정[검증],Hollander-Proschan test,홀랜더-프로샨 검정 | 홀랜더-프로샨 검증,
r4910,확률비검정[검증],probability ratio test,확률비검정 | 확률비검증,
r5035,F 검정[검증],F-test,F 검정 | F 검증,
r5043,L 검정[검증],L-test,L 검정 | L 검증,
r5048,m 종속[의존],m-dependent,m 종속 | m 의존,
r5060,t 검정[검증],t-test,t 검정 | t 검증,
